[-0.0022104019840583733, -0.0007945078192652981, 0.0009907410506200538]
[-0.002462135533497105, -0.00034301308918270764, 0.0008344272001473995]
[-0.0025146690402218868, 2.232401743051856e-05, 0.0006837776629118614]
[-0.0024093682664120737, 0.0003080240966568692, 0.0005417615655834373]
[-0.0021837833620531343, 0.0005212202676513579, 0.00041024207236503785]
[-0.0018717026404443536, 0.0006691353336523655, 0.0002902653245823873]
[-0.0015033530016290686, 0.0007587930241778193, 0.00018234642406757376]
[-0.0011056384209889092, 0.0007969240651734681, 8.67159442514553e-05]
[-0.0007023355564893755, 0.0007900139055314415, 3.5038452674006934e-06]
[-0.0003141972249502158, 0.0007444332886399268, -6.71497478462013e-05]
[4.1053808230168435e-05, 0.0006665944994227143, -0.000125056436082137]
[0.00034882996946843505, 0.0005630836562398948, -0.00017000477554948997]
[0.0005978497991000655, 0.00044073121789314816, -0.0002018331531211182]
[0.0007803266496794946, 0.00030659719482135483, -0.00022053089737930826]
[0.0008921205170005945, 0.00016786267451588912, -0.00022634706492708284]
[0.0009327997561853282, 3.1633629407868476e-05, -0.00021988751067836151]
[0.0009055679290039361, -9.532474141431626e-05, -0.00020218393410948894]
[0.0008170250980285304, -0.0002068956629634695, -0.0001747230836942879]
[0.000676750612166105, -0.0002979274072339227, -0.00013942963254237682]
[0.000496713711878578, -0.0003645242282136698, -9.860183267988163e-05]
[0.00029053702894622557, -0.0004042790812243311, -5.480437071126079e-05]
[7.265436805758445e-05, -0.0004164210444304486, -1.0727414108211339e-05]
[-0.0001425835146620607, -0.00040185840260504007, 3.097571100014142e-05]
[-0.00034179417094034703, -0.00036310809635831066, 6.785767491945314e-05]
[-0.0005133771904938014, -0.00030411269703023707, 9.783796718853803e-05]
[-0.000648197912694705, -0.00022995624845324454, 0.00011934103334652946]
[-0.0007400919071344185, -0.00014649931157100743, 0.0001313994790079171]
[-0.0007861545632622292, -5.996059650098171e-05, 0.0001337132506495548]
[-0.0007867966939805535, 2.3522886434596366e-05, 0.00012665958607908814]
[-0.0007455651526117707, 9.832349637656114e-05, 0.00011125277290494997]
[-0.0006687455219097761, 0.00015970594528213398, 8.905698273050225e-05]
[-0.000564780444234687, 0.00020413694240308227, 6.205930375649576e-05]
[-0.0004435507854830144, 0.0002294990035572384, 3.2513263726824916e-05]
[-0.00031557650279426177, 0.00023519381181268334, 2.7653773876057887e-06]
[-0.00019119911385317935, 0.00022212942964938692, -2.492158744746866e-05]
[-7.980774005066154e-05, 0.00019259485073626378, -4.853491434483458e-05]
[1.083407665350474e-05, 0.00015003409004843345, -6.645519440442484e-05]
[7.511270883487416e-05, 9.873955601720514e-05, -7.756599374613034e-05]
[0.00010990450681014069, 4.349025612674147e-05, -8.132225950100691e-05]
[0.00011471125643895919, -1.0835956184048566e-05, -7.777319484747453e-05]
[9.158698113334353e-05, -5.964560974593169e-05, -6.753898578789674e-05]
[4.486820844686361e-05, -9.897897396207214e-05, -5.1744366472378856e-05]
[-1.9265378231558526e-05, -0.00012579959683951613, -3.191528304234483e-05]
[-9.336066683137266e-05, -0.00013820339288486133, -9.847610876428312e-06]
[-0.0001693430428438878, -0.00013553342644850503, 1.25411969147746e-05]
[-0.0002391973613517343, -0.00011839419689048585, 3.336562779284557e-05]
[-0.00029562408032730874, -8.856715739198758e-05, 5.091882035239403e-05]
[-0.00033262011705488575, -4.8836767573365455e-05, 6.380134847187726e-05]
[-0.00034594122756108694, -2.7430166522171416e-06, 7.10226504141379e-05]
[-0.0003334130715485235, 4.571842597743174e-05, 7.206804260305905e-05]
[-0.00029507072466131005, 9.242383240435088e-05, 6.692710134111308e-05]
[-0.00023312020267814287, 0.0001334507552165629, 5.6082281178067045e-05]
[-0.000151729473721308, 0.00016538361612264846, 4.045972158159787e-05]
[-5.666938460561629e-05, 0.00018557259966722338, 2.1347037563797248e-05]
[4.516404839715555e-05, 0.00019232711626612602, 2.852843731709541e-07]
[0.0001463062240319143, 0.0001850306212173031, -2.1055938273076084e-05]
[0.00023931461669137716, 0.0001641699518019135, -4.101023755746115e-05]
[0.00031734723772536993, 0.00013127906154485785, -5.804278333263381e-05]
[0.00037468471873714106, 8.880356735191181e-05, -7.086555865738711e-05]
[0.0004071572467247618, 3.989838953011824e-05, -7.8531060006173e-05]
[0.0004124457958337258, -1.1824469240064398e-05, -8.049787176961597e-05]
[0.00039023741828236847, -6.257762155771516e-05, -7.666385448372746e-05]
[0.00034222593561163134, -0.00010868738569003182, -6.736525736100501e-05]
[0.0002719612981227919, -0.0001468682048752249, -5.334269083092109e-05]
[0.00018456224316094956, -0.00017446201946382504, -3.56773738257575e-05]
[8.631683926535887e-05, -0.00018962539498711806, -1.5703220620121054e-05]
[-1.579665838488068e-05, -0.0001914515963896708, 5.0979992043018345e-06]
[-0.00011463102625254168, -0.000180020027923636, 2.521011799258009e-05]
[-0.00020339352460666373, -0.00015637111141536398, 4.319591459895207e-05]
[-0.00027613256709923135, -0.00012241031543513335, 5.780186419580672e-05]
[-0.0003281523150197348, -8.075025127514653e-05, 6.80466882241384e-05]
[-0.00035632616645317635, -3.450414113042376e-05, 7.328752109972952e-05]
[-0.0003592883719661555, 1.2952765453937947e-05, 7.32593537698455e-05]
[-0.0003374925938783251, 5.823531080269944e-05, 6.808552879082253e-05]
[-0.00029313638219859996, 9.819506439931233e-05, 5.8259280949996184e-05]
[-0.00022996049321789014, 0.0001301433827557456, 4.459847258346975e-05]
[-0.00015294099104180205, 0.00015203505049476933, 2.817760468315082e-05]
[-6.78995044439087e-05, 0.0001626000206589858, 1.0242756283735718e-05]
[1.8937645126257518e-05, 0.00016141496347008122, -7.883790711794415e-06]
[0.0001013978095319699, 0.00014891101722403136, -2.4901914249542724e-05]
[0.0001738038899086567, 0.00012631894977536726, -3.9627666422909185e-05]
[0.00023136790929444132, 9.555752268196293e-05, -5.107613889382234e-05]
[0.0002705089237708431, 5.9074869451124063e-05, -5.852740246946663e-05]
[0.0002890742557190218, 1.9655873586802497e-05, -6.157116436924106e-05]
[0.0002864507357167141, -1.9789348108189633e-05, -6.0127486615552075e-05]
[0.00026356109350011476, -5.643981090803577e-05, -5.444275361817087e-05]
[0.00022274919633283622, -8.776510199352502e-05, -4.506192524443724e-05]
[0.00016756586042990162, -0.00011169954723725245, -3.277982652517892e-05]
[0.00010247388210815207, -0.0001267771977667163, -1.8575683917361726e-05]
[3.249627412956903e-05, -0.0001322189711871121, -3.536220883764785e-06]
[-3.71648948861349e-05, -0.0001279670616830634, 1.1226697846296266e-05]
[-0.0001015103651796217, -0.00011466575404374945, 2.4657670109265597e-05]
[-0.0001560984132604622, -9.359173475732142e-05, 3.583265498566746e-05]
[-0.00019734746776925807, -6.654059884921365e-05, 4.402189365701539e-05]
[-0.00022276624767736777, -3.56792495853936e-05, 4.873662695229865e-05]
[-0.0002310970112925471, -3.3760780296441452e-06, 4.9756708847738633e-05]
[-0.0002223643245903742, 2.79779445780273e-05, 4.71377108662741e-05]
[-0.0001978289136778452, 5.6143887851713374e-05, 4.119766313517899e-05]
[-0.00015985312186729347, 7.919257245052215e-05, 3.2485067705418554e-05]
[-0.00011169074227836938, 9.563439763404533e-05, 2.1731140813832446e-05]
[-5.7219105868813515e-05, 0.00010451271866404953, 9.790301265014149e-06]
[-6.349344094475191e-07, 0.00010545516107379464, -2.42634754841516e-06]
[5.3862599758368946e-05, 9.86805281458222e-05, -1.4019437208732416e-05]
[0.00010237801614655111, 8.49622911339541e-05, -2.4166580460470128e-05]
[0.00014159286540319407, 6.555280152977173e-05, -3.217977095618566e-05]
[0.00016898740650008644, 4.2075105421963876e-05, -3.75509955233161e-05]
[0.00018299618661760382, 1.6391383775281386e-05, -3.998311520389007e-05]
[0.00018308842186009894, -9.54154845324832e-06, -3.9404251607361164e-05]
[0.00016976989748420458, -3.38186560481667e-05, -3.596518540863456e-05]
[0.0001445089700383821, -5.472421655008604e-05, -3.0020537606923304e-05]
[0.00010959472842323778, -7.085069862832514e-05, -2.2095668645542988e-05]
[6.794006732613997e-05, -8.119091493723296e-05, -1.2842213325763712e-05]
[2.284602610000746e-05, -8.519761663825057e-05, -2.985904436253819e-06]
[-2.2253978228019298e-05, -8.280728707115921e-05, 6.729220535382354e-06]
[-6.40505655720077e-05, -7.442763210081949e-05, 1.559600986951143e-05]
[-9.959662479235155e-05, -6.089094779784714e-05, 2.2994754701447285e-05]
[-0.00012651052232679036, -4.337797690035e-05, 2.8435561268820254e-05]
[-0.0001431306046128615, -2.3318873754526965e-05, 3.158971072240033e-05]
[-0.00014861136548420441, -2.279349869279124e-06, 3.230808588627227e-05]
[-0.00014295627085360863, 1.8159118951218325e-05, 3.0625761427589585e-05]
[-0.000126987061825453, 3.6516015112099717e-05, 2.6752902420026676e-05]
[-0.00010225403156539623, 5.15169617427871e-05, 2.1053117991736265e-05]
[-7.089595230839397e-05, 6.218003907041767e-05, 1.4011299502493258e-05]
[-3.546172628565924e-05, 6.787755128003315e-05, 6.1936755983831895e-06]
[1.2917747105118877e-06, 6.836956440645097e-05, -1.7967060099383924e-06]
[3.660997294231596e-05, 6.380774084987133e-05, -9.365635490689274e-06]
[6.7943199006041e-05, 5.4710232983717655e-05, -1.597113789767686e-05]
[9.312702062254065e-05, 4.191050122888862e-05, -2.116149642914376e-05]
[0.00011052780427550101, 2.6484740702194494e-05, -2.460529233100012e-05]
[0.00011914402587801982, 9.664011036923683e-06, -2.6111530660333002e-05]
[0.00011865743771817991, -7.261923479109076e-06, -2.5638718511773514e-05]
[0.0001094320980965391, -2.3041671602361545e-05, -2.3292615403893914e-05]
[9.24631794043914e-05, -3.6553029777056276e-05, -1.9313219540534724e-05]
[6.92811015962644e-05, -4.688106602979967e-05, -1.4052326731371219e-05]
[4.181963330476121e-05, -5.337817013049366e-05, -7.943646379646912e-06]
[1.2258952917138174e-05, -5.57022817008191e-05, -1.4679377621243907e-06]
[-1.7143880323783673e-05, -5.3831248759185566e-05, 4.884089575610135e-06]
[-4.422410593153159e-05, -4.805309996192698e-05, 1.0648298885384048e-05]
[-6.706563475306579e-05, -3.89337964631996e-05, 1.542040139085292e-05]
[-8.413353953976779e-05, -2.726563415182596e-05, 1.888364525068295e-05]
[-9.437373911146632e-05, -1.4000781940852303e-05, 2.0829073746091248e-05]
[-9.727368466625131e-05, -1.7537997364583592e-07, 2.116712059757076e-05]
[-9.288095025158555e-05, 1.3169872939573239e-05, 1.992999220053022e-05]
[-8.17798426782736e-05, 2.506666277560658e-05, 1.726498516912514e-05]
[-6.502923809685757e-05, 3.4687946913235765e-05, 1.3419550793496188e-05]
[-4.406759930735568e-05, 4.1403986650520884e-05, 8.719498174268734e-06]
[-2.059333914839709e-05, 4.482184493476227e-05, 3.5421850129698692e-06]
[3.5697733201532066e-06, 4.4806017528955024e-05, -1.7131501201381234e-06]
[2.661170480278359e-05, 4.1479339476827414e-05, -6.655624911235809e-06]
[4.6869324896952794e-05, 3.52047940280601e-05, -1.0931268976646441e-05]
[6.294402906752843e-05, 2.655023816950265e-05, -1.4247850229666773e-05]
[7.379568342495047e-05, 1.6239248693395753e-05, -1.6394271048351318e-05]
[7.880679059223316e-05, 5.092204437623039e-06, -1.7253293660653966e-05]
[7.781318811967096e-05, -6.037703584752198e-06, -1.6806889894478573e-05]
[7.110019066499854e-05, -1.6328632756499097e-05, -1.5134079429414609e-05]
[5.936567608584203e-05, -2.5049678071840054e-05, -1.2401679787124407e-05]
[4.365400301283706e-05, -3.161165167467932e-05, -8.848899596975113e-06]
[2.526666424604638e-05, -3.560561329192129e-05, -4.767128437717954e-06]
[5.657090572299656e-06, -3.682673690711308e-05, -4.765836832891334e-07]
[-1.3682070401642299e-05, -3.528226613838728e-05, 3.6983513892752143e-06]
[-3.133061222394625e-05, -3.1183529129116197e-05, 7.453231610603099e-06]
[-4.604315587199869e-05, -2.4923161611362786e-05, 1.0525335981642347e-05]
[-5.6835028197568325e-05, -1.7039738634993732e-05, 1.2711608468635532e-05]
[-6.304586898560588e-05, -8.172868031920294e-06, 1.3881563563435124e-05]
[-6.437704962141593e-05, 9.8760396599226e-07, 1.3984380043096916e-05]
[-6.090105748636342e-05, 9.754317591637652e-06, 1.3049862638096627e-05]
[-5.3043135136304335e-05, 1.749309349539583e-05, 1.1183415287609087e-05]
[-4.153750220155543e-05, 2.3667922986354378e-05, 8.555606802246603e-06]
[-2.73622836008155e-05, 2.7877131451604173e-05, 5.387288733931908e-06]
[-1.1658696001971652e-05, 2.9878352919578772e-05, 1.9315201211073645e-06]
[4.358987137919804e-06, 2.960086261937363e-05, -1.5462542977059878e-06]
[1.9495718596529366e-05, 2.7144798812417166e-05, -4.788247403462753e-06]
[3.2663312911442724e-05, 2.276778981025214e-05, -7.5631064899431566e-06]
[4.295712316805704e-05, 1.6860414230440074e-05, -9.682081001185075e-06]
[4.971647782201157e-05, 9.91269736037245e-06, -1.1011478267013157e-05]
[5.256498039589181e-05, 2.474431576178802e-06, -1.148061695495101e-05]
[5.1428398440476945e-05, -4.88753247956562e-06, -1.1084848063702594e-05]
[4.652960292380155e-05, -1.1631763414654894e-05, -9.883592586298403e-06]
[3.836173320961042e-05, -1.7281365681727943e-05, -7.993714791135406e-06]
[2.7642330153395824e-05, -2.145696312563395e-05, -5.578883428177188e-06]
[1.525248994177225e-05, -2.390132710781835e-05, -2.835846720424014e-06]
[2.166056350848918e-06, -2.449412153143672e-05, 2.1257367358714017e-08]
[-1.0625570133553453e-05, -2.3256020380845766e-05, 2.7773281088810455e-06]
[-2.2187298719121006e-05, -2.034226433241564e-05, 5.23222714008612e-06]
[-3.170747952863366e-05, -1.6026500735903576e-05, 7.215042908204225e-06]
[-3.855357513759484e-05, -1.0676439526161175e-05, 8.595698699710273e-06]
[-4.231265916530266e-05, -4.723408693224565e-06, 9.293139427886863e-06]
[-4.281427891257815e-05, 1.3717291008239585e-06, 9.279611723147445e-06]
[-4.0134607636717525e-05, 7.153654197056757e-06, 8.580857347114143e-06]
[-3.458223161068226e-05, 1.2206036077526459e-05, 7.2723480739731545e-06]
[-2.666726170267814e-05, 1.6180934159100823e-05, 5.4719781017408e-06]
[-1.7056632136024238e-05, 1.88221223553369e-05, 3.329877211838552e-06]
[-6.519369697476394e-06, 1.9980826096816196e-05, 1.0161974546600987e-06]
[4.133774249911158e-06, 1.962297360246681e-05, -1.292153891465417e-06]
[1.4111673160150048e-05, 1.782772127991014e-05, -3.424818396282599e-06]
[2.2700589952593958e-05, 1.4777666030225345e-05, -5.230343575292049e-06]
[2.9314214553993462e-05, 1.074175690097784e-05, -6.586713214173673e-06]
[3.353254697623947e-05, 6.052422534678981e-06, -7.409336694459762e-06]
[3.512714183546827e-05, 1.0788053051435465e-06, -7.655995650388401e-06]
[3.407132412411209e-05, -3.801785222519599e-06, -7.328488493371777e-06]
[3.053514455379722e-05, -8.23202889144482e-06, -6.470966277002745e-06]
[2.4865978076719754e-05, -1.1900295356596866e-05, -5.165197987316205e-06]
[1.755669822160006e-05, -1.4562075380499698e-05, -3.523221853723009e-06]
[9.204210342356434e-06, -1.605570853671926e-05, -1.6780164558653987e-06]
[4.617421737372282e-07, -1.631144404370872e-05, 2.2705039646433707e-07]
[-8.01136704200618e-06, -1.5353397405920963e-05, 2.0491731381534925e-06]
[-1.559858299232275e-05, -1.3294505489014306e-05, 3.656637437779864e-06]
[-2.177023009838516e-05, -1.0325096234723398e-05, 4.93816369969811e-06]
[-2.6119597787282706e-05, -6.696139414449697e-06, 5.810416189349572e-06]
[-2.8388708670670452e-05, -2.6986005844599087e-06, 6.223186958196732e-06]
[-2.848220481691301e-05, 1.3594412499649803e-06, 6.161952561909525e-06]
[-2.646873962104156e-05, 5.17614434650264e-06, 5.647706118039151e-06]
[-2.2570206934213813e-05, 8.477982304843073e-06, 4.734171882241183e-06]
[-1.7140025930980414e-05, 1.1038963062374174e-05, 3.5026991188851197e-06]
[-1.0632466164638266e-05, 1.2695668710475224e-05, 2.055293122861917e-06]
[-3.56559001921313e-06, 1.3357150623748572e-05, 5.063629099353236e-07]
[3.5192284428990685e-06, 1.300912795818252e-05, -1.0261602807212874e-06]
[1.0098099275010901e-05, 1.1712377516942351e-05, -2.4296558112584684e-06]
[1.570270299421616e-05, 9.595635893856362e-06, -3.6049471095156738e-06]
[1.9952948671556108e-05, 6.8437289560298586e-06, -4.473159370729704e-06]
[2.2581980415973625e-05, 3.6819713562231707e-06, -4.980839366678007e-06]
[2.345195134642357e-05, 3.581179893381201e-07, -5.103019661014535e-06]
[2.2559721007449236e-05, -2.876714467236442e-06, -4.844072398606953e-06]
[2.0032405756952134e-05, -5.786711040827308e-06, -4.236366475901664e-06]
[1.6113463530858296e-05, -8.168242984844948e-06, -3.3369036531450635e-06]
[1.1140669792214993e-05, -9.86378816145617e-06, -2.2222523308693217e-06]
[5.517893179431826e-06, -1.0771962245616389e-05, -9.822123559668135e-07]
[-3.17029064546183e-07, -1.0853055115528348e-05, 2.8727712798825655e-07]
[-5.9258077231055634e-06, -1.0129819820565193e-05, 1.4914366723862477e-06]
[-1.0902086536514582e-05, -8.683620922692721e-06, 2.5436060978315713e-06]
[-1.4900343004686836e-05, -6.646388025966886e-06, 3.371362455693098e-06]
[-1.7659291747042874e-05, -4.189114611876939e-06, 3.921373802493754e-06]
[-1.9018253116385046e-05, -1.5078717058832357e-06, 4.1626742732820045e-06]
[-1.892552275911926e-05, 1.19154427314819e-06, 4.088173470667716e-06]
[-1.743840210231996e-05, 3.709148181238135e-06, 3.714350090928601e-06]
[-1.4715177439363298e-05, 5.865333485705096e-06, 3.0792155505946954e-06]
[-1.0999919904680012e-05, 7.513428130927179e-06, 2.2387581607918427e-06]
[-6.601478496528668e-06, 8.549381585970882e-06, 1.2621832912996187e-06]
[-1.8684194550494552e-06, 8.917967409353574e-06, 2.2634291671048485e-07]
[2.8380962890696362e-06, 8.615164412915353e-06, -7.902058764936368e-07]
[7.171422855367043e-06, 7.686673442264769e-06, -1.7130617269744617e-06]
[1.0824524690735045e-05, 6.2228136794301616e-06, -2.4773291487109235e-06]
[1.355127410161929e-05, 4.3503012719123025e-06, -3.0320806327490115e-06]
[1.518251023715855e-05, 2.221625854467719e-06, -3.343632045690292e-06]
[1.5635855693143924e-05, 2.8930472214667663e-09, -3.397430695946786e-06]
[1.4918782819996827e-05, -2.1389158824332237e-06, -3.1984648724982477e-06]
[1.3124937996876665e-05, -4.0483060396122585e-06, -2.770216023816252e-06]
[1.0424229753129401e-05, -5.5923528111584765e-06, -2.1522816366963708e-06]
[7.047629573094529e-06, -6.669733551402512e-06, -1.3968905920763864e-06]
[3.2679916989980187e-06, -7.217111409578136e-06, -5.646068545396112e-07]
[-6.215531784739041e-07, -7.212491923648672e-06, 2.804329938162449e-07]
[-4.32995035157204e-06, -6.675409761596296e-06, 1.075380453658727e-06]
[-7.589642976721873e-06, -5.6640420466248974e-06, 1.7632716613335378e-06]
[-1.017551375966683e-05, -4.26956832278453e-06, 2.297029522435074e-06]
[-1.1920033849629958e-05, -2.6082894244833698e-06, 2.6425965378061737e-06]
[-1.2723632090831213e-05, -8.121652050336234e-07, 2.78099719211584e-06]
[-1.2559685074318339e-05, 9.814751032317917e-07, 2.7092148220156854e-06]
[-1.1473946536601238e-05, 2.6402612364893487e-06, 2.439859434202521e-06]
[-9.578651615434003e-06, 4.046384861813747e-06, 1.999693050732025e-06]
[-7.041916543951903e-06, 5.104793203743587e-06, 1.4271612154767947e-06]
[-4.07338021379165e-06, 5.749417249274429e-06, 7.691475217619185e-07]
[-9.072786613049407e-07, 5.947042930699354e-06, 7.72178594100037e-08]
[2.2157083121144336e-06, 5.698621370247657e-06, -5.963505113794149e-07]
[5.066455070749069e-06, 5.038010486976022e-06, -1.2024543244595823e-06]
[7.44390889905915e-06, 4.02833022747889e-06, -1.698680153212442e-06]
[9.188961124939746e-06, 2.756283576601337e-06, -2.0522039441745366e-06]
[1.0194738319004702e-05, 1.324933483605923e-06, -2.2418815434272605e-06]
[1.0412678075720272e-05, -1.5447717663142666e-07, -2.2594039669898763e-06]
[9.854087289643118e-06, -1.5710252353536202e-06, -2.109464625608471e-06]
[8.58722496102029e-06, -2.822287647587445e-06, -1.8089605171633198e-06]
[6.7302806137217725e-06, -3.821609679440399e-06, -1.3853199754987267e-06]
[4.440909608917471e-06, -4.503955840956653e-06, -8.741108478281314e-07]
[1.903217909980644e-06, -4.829960768256656e-06, -3.1613076139267364e-07]
[-6.867538320907128e-07, -4.78794350484911e-06, 2.457876260789629e-07]
[-3.135922693221485e-06, -4.393807260932921e-06, 7.700105491958382e-07]
[-5.2683195055842485e-06, -3.6889055958182885e-06, 1.2191360455047021e-06]
[-6.937488703970048e-06, -2.736103331795638e-06, 1.562608866617455e-06]
[-8.03627735284267e-06, -1.614385885220236e-06, 1.7787388184802995e-06]
[-8.503381249152321e-06, -4.1246559783748197e-07, 1.8559942265824018e-06]
[-8.326277468297329e-06, 7.781078795670652e-07, 1.7935002159947116e-06]
[-7.5404524698154694e-06, 1.8698071091825182e-06, 1.600732665537181e-06]
[-6.225111610437867e-06, 2.7854507703388972e-06, 1.296458412312343e-06]
[-4.4958092935564125e-06, 3.4635435598196663e-06, 9.070261877549913e-07]
[-2.4946511159729154e-06, 3.862271965613285e-06, 4.6415708051775253e-07]
[-3.788760238731183e-07, 3.961907579693357e-06, 2.4151059293581796e-09]
[1.6912819786198533e-06, 3.7654958549691584e-06, -4.434441950456372e-07]
[3.5645311078286297e-06, 3.297839076987296e-06, -8.410470809551893e-07]
[5.109383499812405e-06, 2.602907987041406e-06, -1.1627095364531757e-06]
[6.223176614081637e-06, 1.739927860514969e-06, -1.3873185925427842e-06]
[6.838652127899835e-06, 7.784741854608997e-07, -1.5016629443497812e-06]
[6.92769143098779e-06, -2.0702543009760394e-07, -1.5011337556204345e-06]
[6.502030757205605e-06, -1.142956439474294e-06, -1.389765802087748e-06]
[5.611008196606917e-06, -1.961925445996963e-06, -1.179638859602582e-06]
[4.336612207685737e-06, -2.607520757799687e-06, -8.897057961168344e-07]
[2.786291154015488e-06, -3.0380963677952583e-06, -5.441538526218585e-07]
[1.0841327530060957e-06, -3.229333882086654e-06, -1.7043636810863424e-07]
[-6.388784731523301e-07, -3.1754357060641766e-06, 2.028682328783899e-07]
[-2.2547741944597964e-06, -2.88890898047476e-06, 5.482060694500282e-07]
[-3.6479477214209928e-06, -2.3990052409863256e-06, 8.410470018390223e-07]
[-4.723261490669189e-06, -1.748977788874263e-06, 1.0615909899932435e-06]
[-5.412360915416432e-06, -9.92400437485293e-07, 1.1960657854131805e-06]
[-5.67779071490666e-06, -1.888521407335468e-07, 1.2375343369466623e-06]
[-5.514686170932381e-06, 6.006917523678743e-07, 1.1861693375413256e-06]
[-4.9499987645971695e-06, 1.318411059600674e-06, 1.048993171115766e-06]
[-4.039399141461511e-06, 1.913801002627479e-06, 8.391210591901829e-07]
[-2.8621669090691365e-06, 2.347147499509751e-06, 5.745805805952043e-07]
[-1.5145146767344076e-06, 2.592084688608223e-06, 2.7680947705388327e-07]
[-1.018938156103327e-07, 2.6370777348378876e-06, -3.104612893818457e-08]
[1.2691144264385408e-06, 2.4857587957486964e-06, -3.259004859448852e-07]
[2.49870919552788e-06, 2.1561312271224093e-06, -5.864309842836861e-07]
[3.5010044269991632e-06, 1.678740163234448e-06, -7.945914918122892e-07]
[4.209887481148343e-06, 1.093980526251077e-06, -9.368310847930108e-07]
[4.5832137371222054e-06, 4.487712699167874e-07, -1.0049384183774617e-06]
[4.60508525706165e-06, -2.0713649252395435e-07, -9.964624017304984e-07]
[4.286111884575338e-06, -8.249320984068466e-07, -9.146928485483923e-07]
[3.661705673185865e-06, -1.360317269800496e-06, -7.682178373377716e-07]
[2.788603007821064e-06, -1.776620566068851e-06, -5.701051935611744e-07]
[1.739932905985812e-06, -2.0472402664950482e-06, -3.3678161506925724e-07]
[5.992462713093847e-07, -2.1572586364400048e-06, -8.670273386799147e-08]
[-5.460168217051248e-07, -2.1041371860728816e-06, 1.6108039847363875e-07]
[-1.611119826055256e-06, -1.8974735431346976e-06, 3.8834893456278913e-07]
[-2.520193449007981e-06, -1.5578705346925839e-06, 5.790327394960443e-07]
[-3.2115301393472317e-06, -1.1150318760320809e-06, 7.203224250392492e-07]
[-3.641648574146956e-06, -6.052520004941094e-07, 8.035018986095266e-07]
[-3.7878707676481383e-06, -6.850647919051891e-08, 8.244496649937932e-07]
[-3.64927321958235e-06, 4.546282051094604e-07, 7.837833816783555e-07]
[-3.245998417277353e-06, 9.25992120633604e-07, 6.866494012026722e-07]
[-2.617034569248258e-06, 1.3125759302826395e-06, 5.421851912475212e-07]
[-1.8166808162565663e-06, 1.5887794663025032e-06, 3.627057109156342e-07]
[-9.10004686382182e-07, 1.738044579265977e-06, 1.6268343074297267e-07]
[3.233768720423178e-08, 1.7537634407256e-06, -4.239550062380175e-08]
[9.395138951281474e-07, 1.6394204237179136e-06, -2.372101633254484e-07]
[1.7457523396551022e-06, 1.4079837419182533e-06, -4.077305648681614e-07]
[2.395023419452648e-06, 1.080617870529996e-06, -5.422088486225941e-07]
[2.844838443162254e-06, 6.848354616591512e-07, -6.319674897700655e-07]
[3.068916411281333e-06, 2.5224473089726305e-07, -6.719333320650495e-07]
[3.0585611044194166e-06, -1.83927259185566e-07, -6.608868674057791e-07]
[2.8226916400290844e-06, -5.913447187545436e-07, -6.014182537380238e-07]
[2.3865710777164363e-06, -9.409201200682542e-07, -4.99603519923282e-07]
[1.7893722513771617e-06, -1.208849319775442e-06, -3.6443460253535294e-07]
[1.0808010358505233e-06, -1.3781857164317364e-06, -2.0705386872048783e-07]
[3.1705920449359604e-07, -1.4398532259013693e-06, -3.9856456002455796e-08]
[-4.435320091601122e-07, -1.3930427863366221e-06, 1.244686812445333e-07]
[-1.1449126448940659e-06, -1.2449845537146164e-06, 2.738860681980046e-07]
[-1.7373453788691345e-06, -1.0101343266759396e-06, 3.9787979672424304e-07]
[-2.1808686941967665e-06, -7.088546579375668e-07, 4.881772676311131e-07]
[-2.4479079979749747e-06, -3.657056282767524e-07, 5.392820910369316e-07]
[-2.5248811436126543e-06, -7.485086190468998e-09, 5.487834283569588e-07]
[-2.412714768678633e-06, 3.3882820454440805e-07, 5.174267071223586e-07]
[-2.1262712020537627e-06, 6.480732341469471e-07, 4.489487865450468e-07]
[-1.6927661569456993e-06, 8.9870165544262e-07, 3.496979399404288e-07]
[-1.1493291663924052e-06, 1.0742434656160255e-06, 2.2807420295035072e-07]
[-5.399167406460077e-07, 1.1643466723398433e-06, 9.383766595336622e-08]
[8.817127654468168e-08, 1.165328983281154e-06, -4.265961357894359e-08]
[6.879010844111712e-07, 1.0802177501442714e-06, -1.7125869894207145e-07]
[1.2159691093023162e-06, 9.182930174530303e-07, -2.8273729238520954e-07]
[1.635870217401609e-06, 6.941847053482969e-07, -3.694582208828263e-07]
[1.9203571422067498e-06, 4.266061078323655e-07, -4.258783044675991e-07]
[2.053130673924076e-06, 1.3682988740140082e-07, -4.4888488361953526e-07]
[2.029662547037957e-06, -1.5297192969698395e-07, -4.379411477692114e-07]
[1.8571204233297085e-06, -4.2139663609988035e-07, -3.950361829054768e-07]
[1.5534317421438717e-06, -6.493646701387972e-07, -3.2445021971504073e-07]
[1.1455855251469325e-06, -8.214478320526018e-07, -2.3235884650775546e-07]
[6.673240531813237e-07, -9.268816485101186e-07, -1.2631101700666642e-07]
[1.5641610649534498e-07, -9.601981087841766e-07, -1.4623791811191849e-08]
[-3.4827230650074823e-07, -9.214452497359383e-07, 9.425859199622287e-08]
[-8.096863618860361e-07, -8.159917439228941e-07, 1.9239274974704638e-07]
[-1.1952559140953081e-06, -6.539453567770683e-07, 2.729053455315839e-07]
[-1.4791448051581321e-06, -4.492416504479158e-07, 3.304634673257072e-07]
[-1.6439246326423534e-06, -2.1848170314284696e-07, 3.6161488108333496e-07]
[-1.6815693878741104e-06, 2.038659185877e-08, 3.649775620898561e-07]
[-1.5937211327115078e-06, 2.4944082095184666e-07, 3.412697493028693e-07]
[-1.3912324501014827e-06, 4.521067308670234e-07, 2.93183850250695e-07]
[-1.0930446142745854e-06, 6.143353412628558e-07, 2.2511893992091345e-07]
[-7.245074330973582e-07, 7.255526229969521e-07, 1.427965270566152e-07]
[-3.1528426216563666e-07, 7.793195193501779e-07, 5.279202374272311e-08]
[1.0298866612560889e-07, 7.736636428804247e-07, -3.798054875485515e-08]
[4.991071948031152e-07, 7.110695722332366e-07, -1.2279093694691791e-07]
[8.445886346812578e-07, 5.981403403712926e-07, -1.9558329108090502e-07]
[1.1156805451963427e-06, 4.4496655016471733e-07, -2.513999307790503e-07]
[1.2949503161132471e-06, 2.642598775974677e-07, -2.867092712901952e-07]
[1.372352740758404e-06, 7.032314848616215e-08, -2.9961702663799103e-07]
[1.3457148976611503e-06, -1.2206126721314373e-07, -2.899491523218975e-07]
[1.2206227998777817e-06, -2.9873981050002307e-07, -2.592048635375789e-07]
[1.0097389911617432e-06, -4.4721109908770175e-07, -2.103877176597913e-07]
[7.316212776701029e-07, -5.57491684639497e-07, -1.4773147678873706e-07]
[4.091471835735699e-07, -6.227657475611718e-07, -7.634465520819103e-08]
[6.767419826416754e-08, -6.3977826479027e-07, -1.8028302268513859e-09]
[-2.6691912953509546e-07, -6.089515379646963e-07, 7.027935889493578e-08]
[-5.701624414613791e-07, -5.342260987074803e-07, 1.346642096331806e-07]
[-8.207517198250504e-07, -4.226473270939712e-07, 1.8686464856099285e-07]
[-1.0020124508191348e-06, -2.8373715626804684e-07, 2.234494918119185e-07]
[-1.1029700068076547e-06, -1.2870473801369217e-07, 2.4226011047968426e-07]
[-1.118961862215835e-06, 3.044003713123639e-08, 2.4252558184832705e-07]
[-1.0517623673349797e-06, 1.8180131986159211e-07, 2.2487135351094238e-07]
[-9.092278201462782e-07, 3.1447184151653413e-07, 1.9122448445985715e-07]
[-7.045047329388462e-07, 4.1930402803971055e-07, 1.44626058422976e-07]
[-4.5487495640098987e-07, 4.895243393107014e-07, 8.896785149767944e-08]
[-1.8033557966710273e-07, 5.211509180816809e-07, 2.867533577564506e-08]
[9.79722943396513e-08, 5.13190546682885e-07, -3.1637704336423474e-08]
